id,url
1,https://www.youtube.com/watch?v=ZphqniKA0js
2,https://www.youtube.com/watch?v=dQw4w9WgXcQ
3,https://www.youtube.com/watch?v=3JZ_D3ELwOQ
4,https://www.youtube.com/watch?v=qJw8bFnDiG0
5,https://www.youtube.com/watch?v=DbzFtrqehtc
6,https://www.youtube.com/watch?v=c7cZ1x58kBE
7,https://www.youtube.com/watch?v=gbkH2_h2MJA
8,https://www.youtube.com/watch?v=Xl6vx0SnnSY
9,https://www.youtube.com/watch?v=jE2uosnaCI8
10,https://www.youtube.com/watch?v=LPZh9BOjkQs
11,https://www.youtube.com/watch?v=aircAruvnKk
12,https://www.youtube.com/watch?v=DQdB7wFEygo
13,https://www.youtube.com/watch?v=DQdB7wFEygo
14,https://www.youtube.com/watch?v=m-akKNXwvQQ
15,https://www.youtube.com/watch?v=DjYZk8nrXVY
16,https://www.youtube.com/watch?v=wIyHSOugGGw
17,https://www.youtube.com/watch?v=B_HR2R3xsnQ
18,https://www.youtube.com/watch?v=w4rG5GY9IlA
19,https://www.youtube.com/watch?v=msCLJBLooXo
20,https://www.youtube.com/watch?v=djDZHAi75dk
21,https://www.youtube.com/watch?v=QmCK0wyLQXQ
22,https://www.youtube.com/watch?v=rM0xpwENa8I
23,https://www.youtube.com/watch?v=KTaLHOMydoM
24,https://www.youtube.com/watch?v=2UgfAtMdcEU
25,https://www.youtube.com/watch?v=cA_fK7R-grA
26,https://www.youtube.com/watch?v=ZpijbyEldco
27,https://www.youtube.com/watch?v=bH1wk6dDRlA
28,https://www.youtube.com/watch?v=oHzyWe6uiu8
29,https://www.youtube.com/watch?v=ll_c_EYp3Is
30,https://www.youtube.com/watch?v=ktu5gIlBeKY
31,https://www.youtube.com/watch?v=joTJqECh4yI
32,https://www.youtube.com/watch?v=614jZKEFMZQ
33,https://www.youtube.com/watch?v=2jhNDLF6zL0
34,https://www.youtube.com/watch?v=2LzcMQH-LPg
35,https://www.youtube.com/watch?v=uskjsuWGCrw
36,https://www.youtube.com/watch?v=Jiau3z-on0M
37,https://www.youtube.com/watch?v=X2huNCHDwMQ
38,https://www.youtube.com/watch?v=S7r_ipKQjkA
39,https://www.youtube.com/watch?v=nDsD5xBmEoc
40,https://www.youtube.com/watch?v=6l8eDpDgZhY
41,https://www.youtube.com/watch?v=DZLB46CZngg
42,https://www.youtube.com/watch?v=jI2oyrmxXDk
43,https://www.youtube.com/watch?v=Bl8-bHoGlTk
44,https://www.youtube.com/watch?v=d7fkUXYmNXs
45,https://www.youtube.com/watch?v=wHTcrmhskto
46,https://www.youtube.com/watch?v=3JW732GrMdg
47,https://www.youtube.com/watch?v=nXmnEapPSgc
48,https://www.youtube.com/watch?v=HqnfzBPfrbM
49,https://www.youtube.com/watch?v=clJCDHml2cA
50,https://www.youtube.com/watch?v=yfl9MvJGzXo













